formula,fitness
Jaccard,21.8214556576633
Ochiai,35.45914291341822
Tarntula,41.93916205303253
AMPLE,22.729003052333546
Wong1,33.19455722203715
Wong2,29.535946502544803
Wong3,21.92249315914227
Op1,24.703069685621397
Op2,19.312939729634387
