formula,fitness
Jaccard,12.898069334199743
Ochiai,12.459917740976051
Tarntula,15.954988153257213
AMPLE,16.77586884444986
Wong1,10.061969038591231
Wong2,23.341042470281764
Wong3,16.056765026937757
Op1,6.629020495914829
Op2,13.84501084078001
