formula,fitness
Jaccard,21.8214556576633
Ochiai,21.38279567603086
Tarntula,26.989284039522364
AMPLE,22.729003052333546
Wong1,33.19455722203715
Wong2,29.535946502544803
Wong3,21.92249315914227
Op1,24.703069685621397
Op2,19.312939729634387
