formula,fitness
Jaccard,73.01593980671568
Ochiai,73.45409139993937
Tarntula,69.62864420547375
AMPLE,71.2373465276076
Wong1,66.61348405540353
Wong2,64.63978310809581
Wong3,72.1601750121861
Op1,73.48765952824303
Op2,74.58937175379575
